vote_id,id,fecha,nombre,boletin
31194,31194,2019-07-02 13:31:56,"
                                Modifica la ley N°18.892, General de Pesca y Acuicultura, con el objeto de exigir la remoción de sedimentos a los titulares de concesiones de acuicultura para el cultivo de especies exóticas",Boletín N°12050-21
31211,31211,2019-07-04 12:58:24,"
                                Establece el Día Nacional de la Protección y Fomento de la Lactancia Materna",Boletín N°11974-24
31212,31212,2019-07-04 12:59:37,"
                                Establece el día 23 de febrero de cada año como el Día Nacional del Rotario",Boletín N°11759-24
31214,31214,2019-07-04 13:01:43,"
                                Modifica el Código Penal en materia de tipificación del delito de violación",Boletín N°11714-07
31230,31230,2019-07-09 13:28:54,"
                                Modifica el decreto con fuerza de ley N° 30, de 2004, del Ministerio de Hacienda, sobre Ordenanza de Aduanas, en materia de sanciones al delito de contrabando",Boletín N°12215-05
31231,31231,2019-07-09 13:29:52,"
                                Modifica el decreto con fuerza de ley N° 30, de 2004, del Ministerio de Hacienda, sobre Ordenanza de Aduanas, en materia de sanciones al delito de contrabando",Boletín N°12215-05
31232,31232,2019-07-09 13:30:36,"
                                Modifica el decreto con fuerza de ley N° 30, de 2004, del Ministerio de Hacienda, sobre Ordenanza de Aduanas, en materia de sanciones al delito de contrabando",Boletín N°12215-05
31237,31237,2019-07-09 20:56:12,"
                                Establece un sistema de selección por mérito con inclusión en los establecimientos educacionales de alta exigencia académica y de especialización temprana",Boletín N°12488-04
31246,31246,2019-07-10 13:22:14,"
                                Regula el acceso a los registros de entrevistas investigativas videograbadas y de declaraciones judiciales de la ley N° 21.057, para los fines que indica",Boletín N°12637-07
31247,31247,2019-07-10 13:23:05,"
                                Regula el acceso a los registros de entrevistas investigativas videograbadas y de declaraciones judiciales de la ley N° 21.057, para los fines que indica",Boletín N°12637-07
31248,31248,2019-07-10 13:24:33,"
                                Modifica la ley N° 18.695, orgánica constitucional de Municipalidades, en materia de convocatoria a plebiscitos comunales, a requerimiento de la ciudadanía, y de su carácter vinculante",Boletín N°12136-06
31267,31267,2019-07-18 12:52:42,"
                                Reconocimiento y protección de los derechos de las personas con enfermedades terminales, y el buen morir",Boletín N°12507-11
31268,31268,2019-07-18 12:54:26,"
                                Reconocimiento y protección de los derechos de las personas con enfermedades terminales, y el buen morir",Boletín N°12507-11
31269,31269,2019-07-18 12:56:11,"
                                Aprueba el Convenio Constitutivo del Banco Asiático de Inversión en Infraestructura y sus Anexos A y B, suscrito en Beijing, República Popular China, el 29 de junio de 2015",Boletín N°12603-10
31270,31270,2019-07-18 12:57:17,"
                                Aprueba el Protocolo Modificatorio al Convenio entre el Gobierno de la República de Chile y el Gobierno de la República Popular China para Eliminar la Doble Imposición y para Prevenir la Evasión y Elusión Fiscal en relación a los Impuestos sobre la Renta, suscrito en Santiago, Chile, el 29 de mayo de 2018",Boletín N°12604-10
31300,31300,2019-07-25 12:42:56,"
                                Modifica el Código de Justicia Militar en materia de duración en el cargo, de los ministros de Cortes de Apelaciones que integren las Cortes Marciales",Boletín N°12638-07
31301,31301,2019-07-25 12:44:36,"
                                Modifica la ley N°4.808, que Reforma la ley Sobre el Registro Civil e Identificación, para establecer un catastro nacional de mortinatos y facilitar su individualización y sepultación",Boletín N°12018-07
31302,31302,2019-07-25 12:45:35,"
                                Modifica la ley N°4.808, que Reforma la ley Sobre el Registro Civil e Identificación, para establecer un catastro nacional de mortinatos y facilitar su individualización y sepultación",Boletín N°12018-07
31319,31319,2019-08-06 14:01:54,"
                                Moderniza la carrera funcionaria en Gendarmería de Chile",Boletín N°12431-07
31320,31320,2019-08-06 14:02:59,"
                                Moderniza la carrera funcionaria en Gendarmería de Chile",Boletín N°12431-07
31321,31321,2019-08-06 14:03:50,"
                                Moderniza la carrera funcionaria en Gendarmería de Chile",Boletín N°12431-07
31322,31322,2019-08-06 14:05:58,"
                                Moderniza la carrera funcionaria en Gendarmería de Chile",Boletín N°12431-07
31323,31323,2019-08-06 14:07:03,"
                                Moderniza la carrera funcionaria en Gendarmería de Chile",Boletín N°12431-07
31324,31324,2019-08-06 14:07:49,"
                                Moderniza la carrera funcionaria en Gendarmería de Chile",Boletín N°12431-07
31325,31325,2019-08-06 14:09:20,"
                                Moderniza la carrera funcionaria en Gendarmería de Chile",Boletín N°12431-07
31326,31326,2019-08-06 14:10:07,"
                                Moderniza la carrera funcionaria en Gendarmería de Chile",Boletín N°12431-07
31327,31327,2019-08-06 14:12:50,"
                                Moderniza la carrera funcionaria en Gendarmería de Chile",Boletín N°12431-07
31328,31328,2019-08-06 14:13:47,"
                                Moderniza la carrera funcionaria en Gendarmería de Chile",Boletín N°12431-07
31329,31329,2019-08-06 14:15:02,"
                                Moderniza la carrera funcionaria en Gendarmería de Chile",Boletín N°12431-07
31330,31330,2019-08-06 14:15:49,"
                                Moderniza la carrera funcionaria en Gendarmería de Chile",Boletín N°12431-07
31331,31331,2019-08-06 14:16:32,"
                                Moderniza la carrera funcionaria en Gendarmería de Chile",Boletín N°12431-07
31332,31332,2019-08-06 14:17:10,"
                                Moderniza la carrera funcionaria en Gendarmería de Chile",Boletín N°12431-07
31333,31333,2019-08-06 14:18:06,"
                                Moderniza la carrera funcionaria en Gendarmería de Chile",Boletín N°12431-07
31352,31352,2019-08-08 12:52:20,"
                                Modifica el Reglamento de la Cámara de Diputados para reemplazar la denominación de la Comisión de Ciencias y Tecnología",Boletín N°12376-07
31353,31353,2019-08-08 12:53:32,"
                                Modifica el Reglamento de la Cámara de Diputados para reemplazar la denominación de la Comisión de Ciencias y Tecnología",Boletín N°12376-07
31354,31354,2019-08-08 12:54:44,"
                                Modifica el Reglamento de la Cámara de Diputados para reemplazar la denominación de la Comisión de Ciencias y Tecnología",Boletín N°12376-07
31355,31355,2019-08-08 12:55:46,"
                                Modifica la ley General de Servicios Eléctricos, para imponer a las empresas concesionarias de servicio público de distribución los costos de retiro e instalación de medidores de luz",Boletín N°12440-08
31363,31363,2019-08-13 13:56:55,"
                                Prorroga la entrada en vigencia de la ley N° 21.134, que modifica la Ley General de Pesca y Acuicultura, con el objeto de regular la captura de la jibia",Boletín N°12693-21
31368,31368,2019-08-14 15:04:23,"
                                Promueve la simplificación legislativa",Boletín N°12595-07
31375,31375,2019-08-14 15:19:09,"
                                Modifica diversos cuerpos normativos en materia de integración social y urbana",Boletín N°12288-14
31376,31376,2019-08-14 15:20:59,"
                                Modifica diversos cuerpos normativos en materia de integración social y urbana",Boletín N°12288-14
31377,31377,2019-08-14 15:22:17,"
                                Modifica diversos cuerpos normativos en materia de integración social y urbana",Boletín N°12288-14
31378,31378,2019-08-14 15:25:09,"
                                Modifica diversos cuerpos normativos en materia de integración social y urbana",Boletín N°12288-14
31379,31379,2019-08-14 15:26:02,"
                                Modifica diversos cuerpos normativos en materia de integración social y urbana",Boletín N°12288-14
31380,31380,2019-08-14 15:27:52,"
                                Modifica diversos cuerpos normativos en materia de integración social y urbana",Boletín N°12288-14
31381,31381,2019-08-14 15:28:33,"
                                Modifica diversos cuerpos normativos en materia de integración social y urbana",Boletín N°12288-14
31382,31382,2019-08-14 15:30:11,"
                                Modifica diversos cuerpos normativos en materia de integración social y urbana",Boletín N°12288-14
31383,31383,2019-08-14 15:32:41,"
                                Modifica diversos cuerpos normativos en materia de integración social y urbana",Boletín N°12288-14
31384,31384,2019-08-14 15:33:42,"
                                Modifica diversos cuerpos normativos en materia de integración social y urbana",Boletín N°12288-14
31385,31385,2019-08-14 15:35:00,"
                                Modifica diversos cuerpos normativos en materia de integración social y urbana",Boletín N°12288-14
31386,31386,2019-08-14 15:35:49,"
                                Modifica diversos cuerpos normativos en materia de integración social y urbana",Boletín N°12288-14
31387,31387,2019-08-14 15:37:09,"
                                Modifica diversos cuerpos normativos en materia de integración social y urbana",Boletín N°12288-14
31388,31388,2019-08-14 15:38:09,"
                                Modifica diversos cuerpos normativos en materia de integración social y urbana",Boletín N°12288-14
31389,31389,2019-08-14 15:39:21,"
                                Modifica diversos cuerpos normativos en materia de integración social y urbana",Boletín N°12288-14
31400,31400,2019-08-20 14:05:41,"
                                Modifica el Código Penal, para sancionar el ultraje de cadáver y de sepultura",Boletín N°12575-07
31401,31401,2019-08-20 14:08:09,"
                                Modifica la ley N° 19.227, con el objeto de establecer garantías e incentivos para fomentar el libro y la lectura",Boletín N°12253-24
31432,31432,2019-08-22 10:47:15,"
                                Moderniza la legislación tributaria",Boletín N°12043-05
31433,31433,2019-08-22 10:48:36,"
                                Moderniza la legislación tributaria",Boletín N°12043-05
31434,31434,2019-08-22 10:52:42,"
                                Moderniza la legislación tributaria",Boletín N°12043-05
31435,31435,2019-08-22 10:54:20,"
                                Moderniza la legislación tributaria",Boletín N°12043-05
31436,31436,2019-08-22 10:55:45,"
                                Moderniza la legislación tributaria",Boletín N°12043-05
31437,31437,2019-08-22 10:56:59,"
                                Moderniza la legislación tributaria",Boletín N°12043-05
31438,31438,2019-08-22 10:57:50,"
                                Moderniza la legislación tributaria",Boletín N°12043-05
31439,31439,2019-08-22 10:58:46,"
                                Moderniza la legislación tributaria",Boletín N°12043-05
31440,31440,2019-08-22 11:00:00,"
                                Moderniza la legislación tributaria",Boletín N°12043-05
31441,31441,2019-08-22 11:03:05,"
                                Moderniza la legislación tributaria",Boletín N°12043-05
31442,31442,2019-08-22 11:04:55,"
                                Moderniza la legislación tributaria",Boletín N°12043-05
31443,31443,2019-08-22 11:05:56,"
                                Moderniza la legislación tributaria",Boletín N°12043-05
31444,31444,2019-08-22 11:07:06,"
                                Moderniza la legislación tributaria",Boletín N°12043-05
31445,31445,2019-08-22 11:08:18,"
                                Moderniza la legislación tributaria",Boletín N°12043-05
31446,31446,2019-08-22 11:09:17,"
                                Moderniza la legislación tributaria",Boletín N°12043-05
31447,31447,2019-08-22 11:10:20,"
                                Moderniza la legislación tributaria",Boletín N°12043-05
31448,31448,2019-08-22 11:11:12,"
                                Moderniza la legislación tributaria",Boletín N°12043-05
31449,31449,2019-08-22 11:12:09,"
                                Moderniza la legislación tributaria",Boletín N°12043-05
31450,31450,2019-08-22 11:12:54,"
                                Moderniza la legislación tributaria",Boletín N°12043-05
31451,31451,2019-08-22 11:13:41,"
                                Moderniza la legislación tributaria",Boletín N°12043-05
31452,31452,2019-08-22 11:14:32,"
                                Moderniza la legislación tributaria",Boletín N°12043-05
31453,31453,2019-08-22 11:15:34,"
                                Moderniza la legislación tributaria",Boletín N°12043-05
31454,31454,2019-08-22 11:17:13,"
                                Moderniza la legislación tributaria",Boletín N°12043-05
31455,31455,2019-08-22 11:18:13,"
                                Moderniza la legislación tributaria",Boletín N°12043-05
31456,31456,2019-08-22 11:19:16,"
                                Moderniza la legislación tributaria",Boletín N°12043-05
31457,31457,2019-08-22 11:20:17,"
                                Moderniza la legislación tributaria",Boletín N°12043-05
31458,31458,2019-08-22 11:21:22,"
                                Moderniza la legislación tributaria",Boletín N°12043-05
31459,31459,2019-08-22 11:22:19,"
                                Moderniza la legislación tributaria",Boletín N°12043-05
31460,31460,2019-08-22 11:23:06,"
                                Moderniza la legislación tributaria",Boletín N°12043-05
31461,31461,2019-08-22 11:23:54,"
                                Moderniza la legislación tributaria",Boletín N°12043-05
31462,31462,2019-08-22 11:25:41,"
                                Moderniza la legislación tributaria",Boletín N°12043-05
31463,31463,2019-08-22 11:26:32,"
                                Moderniza la legislación tributaria",Boletín N°12043-05
31464,31464,2019-08-22 11:27:24,"
                                Moderniza la legislación tributaria",Boletín N°12043-05
31465,31465,2019-08-22 11:28:19,"
                                Moderniza la legislación tributaria",Boletín N°12043-05
31466,31466,2019-08-22 11:29:20,"
                                Moderniza la legislación tributaria",Boletín N°12043-05
31467,31467,2019-08-22 11:30:20,"
                                Moderniza la legislación tributaria",Boletín N°12043-05
31468,31468,2019-08-22 11:31:23,"
                                Moderniza la legislación tributaria",Boletín N°12043-05
31469,31469,2019-08-22 11:32:52,"
                                Moderniza la legislación tributaria",Boletín N°12043-05
31470,31470,2019-08-22 11:33:51,"
                                Moderniza la legislación tributaria",Boletín N°12043-05
31471,31471,2019-08-22 11:35:19,"
                                Moderniza la legislación tributaria",Boletín N°12043-05
31472,31472,2019-08-22 11:36:27,"
                                Moderniza la legislación tributaria",Boletín N°12043-05
31473,31473,2019-08-22 11:37:25,"
                                Moderniza la legislación tributaria",Boletín N°12043-05
31474,31474,2019-08-22 11:38:24,"
                                Moderniza la legislación tributaria",Boletín N°12043-05
31475,31475,2019-08-22 11:39:29,"
                                Moderniza la legislación tributaria",Boletín N°12043-05
31476,31476,2019-08-22 11:42:03,"
                                Moderniza la legislación tributaria",Boletín N°12043-05
31477,31477,2019-08-22 11:42:56,"
                                Moderniza la legislación tributaria",Boletín N°12043-05
31478,31478,2019-08-22 11:44:25,"
                                Moderniza la legislación tributaria",Boletín N°12043-05
31479,31479,2019-08-22 11:45:17,"
                                Moderniza la legislación tributaria",Boletín N°12043-05
31480,31480,2019-08-22 11:46:30,"
                                Moderniza la legislación tributaria",Boletín N°12043-05
31481,31481,2019-08-22 11:47:36,"
                                Moderniza la legislación tributaria",Boletín N°12043-05
31482,31482,2019-08-22 11:48:37,"
                                Moderniza la legislación tributaria",Boletín N°12043-05
31483,31483,2019-08-22 11:49:39,"
                                Moderniza la legislación tributaria",Boletín N°12043-05
31484,31484,2019-08-22 11:50:34,"
                                Moderniza la legislación tributaria",Boletín N°12043-05
31485,31485,2019-08-22 11:51:30,"
                                Moderniza la legislación tributaria",Boletín N°12043-05
31486,31486,2019-08-22 11:52:18,"
                                Moderniza la legislación tributaria",Boletín N°12043-05
31487,31487,2019-08-22 11:53:23,"
                                Moderniza la legislación tributaria",Boletín N°12043-05
31488,31488,2019-08-22 11:54:14,"
                                Moderniza la legislación tributaria",Boletín N°12043-05
31489,31489,2019-08-22 12:07:13,"
                                Moderniza la legislación tributaria",Boletín N°12043-05
31494,31494,2019-08-22 12:08:12,"
                                Moderniza la legislación tributaria",Boletín N°12043-05
31491,31491,2019-08-22 12:09:53,"
                                Moderniza la legislación tributaria",Boletín N°12043-05
31502,31502,2019-09-03 14:18:24,"
                                Regula el acceso a los registros de entrevistas investigativas videograbadas y de declaraciones judiciales de la ley N° 21.057, para los fines que indica",Boletín N°12637-07
31503,31503,2019-09-03 14:19:18,"
                                Regula el acceso a los registros de entrevistas investigativas videograbadas y de declaraciones judiciales de la ley N° 21.057, para los fines que indica",Boletín N°12637-07
31520,31520,2019-09-04 13:18:44,"
                                Modifica la ley General de Servicios Eléctricos, en materia de cálculo del valor agregado por concepto de costos de distribución de la energía",Boletín N°12471-08
31521,31521,2019-09-04 13:20:19,"
                                Modifica la ley General de Servicios Eléctricos, en materia de cálculo del valor agregado por concepto de costos de distribución de la energía",Boletín N°12471-08
31522,31522,2019-09-04 13:21:24,"
                                Modifica la ley General de Servicios Eléctricos, en materia de cálculo del valor agregado por concepto de costos de distribución de la energía",Boletín N°12471-08
31528,31528,2019-09-04 21:01:20,"
                                Adecua el Código del Trabajo en materia de documentos electrónicos laborales",Boletín N°12826-13
31556,31556,2019-09-10 13:41:42,"
                                Modifica la ley N° 19.712, del Deporte, en materia de definición de lo que debe entenderse por deportistas de proyección internacional, seleccionados de alto nivel y deportistas de alto rendimiento",Boletín N°11959-29
31583,31583,2019-09-12 12:42:23,"
                                Establece el día 9 de mayo de cada año como el Día Nacional del Deportista Amateur",Boletín N°11742-29
31609,31609,2019-09-25 12:44:38,"
                                Modifica las leyes N°s 18.695 y 19.175, para establecer una cuota de género en las elecciones de gobernadores regionales, alcaldes y concejales",Boletín N°11994-34
31610,31610,2019-09-25 12:46:23,"
                                Modifica las leyes N°s 18.695 y 19.175, para establecer una cuota de género en las elecciones de gobernadores regionales, alcaldes y concejales",Boletín N°11994-34
31611,31611,2019-09-25 12:47:26,"
                                Modifica las leyes N°s 18.695 y 19.175, para establecer una cuota de género en las elecciones de gobernadores regionales, alcaldes y concejales",Boletín N°11994-34
31612,31612,2019-09-25 12:48:55,"
                                Modifica las leyes N°s 18.695 y 19.175, para establecer una cuota de género en las elecciones de gobernadores regionales, alcaldes y concejales",Boletín N°11994-34
31613,31613,2019-09-25 12:50:11,"
                                Modifica las leyes N°s 18.695 y 19.175, para establecer una cuota de género en las elecciones de gobernadores regionales, alcaldes y concejales",Boletín N°11994-34
31614,31614,2019-09-25 12:51:05,"
                                Modifica las leyes N°s 18.695 y 19.175, para establecer una cuota de género en las elecciones de gobernadores regionales, alcaldes y concejales",Boletín N°11994-34
31615,31615,2019-09-25 12:52:44,"
                                Modifica las leyes N°s 18.695 y 19.175, para establecer una cuota de género en las elecciones de gobernadores regionales, alcaldes y concejales",Boletín N°11994-34
31616,31616,2019-09-25 12:53:39,"
                                Modifica las leyes N°s 18.695 y 19.175, para establecer una cuota de género en las elecciones de gobernadores regionales, alcaldes y concejales",Boletín N°11994-34
31617,31617,2019-09-25 12:54:30,"
                                Modifica las leyes N°s 18.695 y 19.175, para establecer una cuota de género en las elecciones de gobernadores regionales, alcaldes y concejales",Boletín N°11994-34
31618,31618,2019-09-25 12:56:04,"
                                Modifica las leyes N°s 18.695 y 19.175, para establecer una cuota de género en las elecciones de gobernadores regionales, alcaldes y concejales",Boletín N°11994-34
31619,31619,2019-09-25 12:56:53,"
                                Modifica las leyes N°s 18.695 y 19.175, para establecer una cuota de género en las elecciones de gobernadores regionales, alcaldes y concejales",Boletín N°11994-34
31620,31620,2019-09-25 12:57:41,"
                                Modifica las leyes N°s 18.695 y 19.175, para establecer una cuota de género en las elecciones de gobernadores regionales, alcaldes y concejales",Boletín N°11994-34
31621,31621,2019-09-25 13:00:25,"
                                Modifica las leyes N°s 18.695 y 19.175, para establecer una cuota de género en las elecciones de gobernadores regionales, alcaldes y concejales",Boletín N°11994-34
31622,31622,2019-09-25 13:02:04,"
                                Modifica las leyes N°s 18.695 y 19.175, para establecer una cuota de género en las elecciones de gobernadores regionales, alcaldes y concejales",Boletín N°11994-34
31637,31637,2019-09-26 13:31:46,"
                                Modifica el Código Civil y la ley N° 20.720, para incorporar como crédito de primera clase a los alimentos que se adeuden a los descendientes",Boletín N°12068-18
31638,31638,2019-09-26 13:33:05,"
                                Declara el 19 de diciembre de cada año como el Día Nacional contra el Femicidio",Boletín N°12344-34
31639,31639,2019-09-26 13:34:35,"
                                Establece normas sobre composición, etiquetado y comercialización de los fertilizantes y bioestimulantes",Boletín N°12233-01
31640,31640,2019-09-26 13:35:21,"
                                Establece normas sobre composición, etiquetado y comercialización de los fertilizantes y bioestimulantes",Boletín N°12233-01
31641,31641,2019-09-26 13:36:41,"
                                Establece normas sobre composición, etiquetado y comercialización de los fertilizantes y bioestimulantes",Boletín N°12233-01
31643,31643,2019-09-26 13:39:10,"
                                Establece normas para asegurar la conservación de humedales, y regula su manejo y afectación",Boletín N°11935-33
31644,31644,2019-09-26 13:40:26,"
                                Establece normas para asegurar la conservación de humedales, y regula su manejo y afectación",Boletín N°11935-33
31663,31663,2019-10-02 13:22:10,"
                                Aprueba el Acuerdo entre el Gobierno de la República de Chile y la Secretaría de la Convención Marco de las Naciones Unidas sobre el Cambio Climático, el Protocolo de Kioto y el Acuerdo de París en relación con el Vigesimoquinto Período de Sesiones de la Conferencia de las Partes en la Convención Marco de las Naciones Unidas sobre el Cambio Climático, el Decimoquinto Período de Sesiones de la Conferencia de las Partes que actúa como Reunión de las Partes en el Protocolo de Kioto, el Segundo Período de Sesiones de la Conferencia de las Partes que actúa como Reunión de las Partes en el Acuerdo de París y las Sesiones de los órganos subsidiarios, suscrito en Bonn, Alemania, el 25 de junio de 2019",Boletín N°12946-10
31670,31670,2019-10-03 13:22:22,"
                                Autoriza erigir un monumento, en el Aeródromo Cañal Bajo Carlos Hott Siebert, de la comuna de Osorno, región de Los Lagos, en memoria de Carlos Hott Siebert",Boletín N°12369-24
31672,31672,2019-10-03 13:24:38,"
                                Modifica la ley N° 20.370, General de Educación, para incorporar, como uno de los objetivos de la enseñanza básica y media, la educación digital",Boletín N°12128-19
31673,31673,2019-10-03 13:25:16,"
                                Modifica la ley N° 20.370, General de Educación, para incorporar, como uno de los objetivos de la enseñanza básica y media, la educación digital",Boletín N°12128-19
31681,31681,2019-10-08 13:26:34,"
                                Aprueba el acuerdo entre el Gobierno de la República de Chile y la Organización Internacional de Policía Criminal - INTERPOL sobre los Privilegios e Inmunidades aplicables durante la 88ª Reunión de su Asamblea General y las Reuniones del Comité Ejecutivo que se celebrarán en Santiago, República de Chile, del 12 al 18 de octubre 2019, suscrito en París y Lyon, Francia, el 1 de agosto de 2019",Boletín N°12954-10
31691,31691,2019-10-09 13:17:37,"
                                Establece el Sistema Red Integral de Protección Social",Boletín N°12661-31
31692,31692,2019-10-09 13:18:27,"
                                Establece el Sistema Red Integral de Protección Social",Boletín N°12661-31
31693,31693,2019-10-09 13:19:35,"
                                Establece el Sistema Red Integral de Protección Social",Boletín N°12661-31
31694,31694,2019-10-09 13:20:41,"
                                Establece el Sistema Red Integral de Protección Social",Boletín N°12661-31
31709,31709,2019-10-10 12:35:48,"
                                Modifica la ley N° 21.131, que Establece pago a treinta días, para permitir que los contribuyentes del sector agropecuario emitan guías de despacho en soporte de papel",Boletín N°12836-03
31710,31710,2019-10-10 12:37:26,"
                                Modifica la ley N° 21.131, que Establece pago a treinta días, para permitir que los contribuyentes del sector agropecuario emitan guías de despacho en soporte de papel",Boletín N°12836-03
31711,31711,2019-10-10 12:39:17,"
                                Modifica el Párrafo 5° de las Disposiciones Transitorias de la ley N° 21.091, Sobre Educación Superior, y otras normas legales",Boletín N°12385-04
31712,31712,2019-10-10 12:39:58,"
                                Modifica el Párrafo 5° de las Disposiciones Transitorias de la ley N° 21.091, Sobre Educación Superior, y otras normas legales",Boletín N°12385-04
31722,31722,2019-10-16 13:15:47,"
                                Fortalece el control de identidad por parte de las Policías, así como los mecanismos de control y reclamo ante un ejercicio abusivo o discriminatorio del mismo",Boletín N°12506-25
31723,31723,2019-10-16 13:16:48,"
                                Fortalece el control de identidad por parte de las Policías, así como los mecanismos de control y reclamo ante un ejercicio abusivo o discriminatorio del mismo",Boletín N°12506-25
31724,31724,2019-10-16 13:17:32,"
                                Fortalece el control de identidad por parte de las Policías, así como los mecanismos de control y reclamo ante un ejercicio abusivo o discriminatorio del mismo",Boletín N°12506-25
31725,31725,2019-10-16 13:18:19,"
                                Fortalece el control de identidad por parte de las Policías, así como los mecanismos de control y reclamo ante un ejercicio abusivo o discriminatorio del mismo",Boletín N°12506-25
31726,31726,2019-10-16 13:19:06,"
                                Fortalece el control de identidad por parte de las Policías, así como los mecanismos de control y reclamo ante un ejercicio abusivo o discriminatorio del mismo",Boletín N°12506-25
31727,31727,2019-10-16 13:19:51,"
                                Fortalece el control de identidad por parte de las Policías, así como los mecanismos de control y reclamo ante un ejercicio abusivo o discriminatorio del mismo",Boletín N°12506-25
31728,31728,2019-10-16 13:20:44,"
                                Fortalece el control de identidad por parte de las Policías, así como los mecanismos de control y reclamo ante un ejercicio abusivo o discriminatorio del mismo",Boletín N°12506-25
31729,31729,2019-10-16 13:21:39,"
                                Fortalece el control de identidad por parte de las Policías, así como los mecanismos de control y reclamo ante un ejercicio abusivo o discriminatorio del mismo",Boletín N°12506-25
31730,31730,2019-10-16 13:22:23,"
                                Fortalece el control de identidad por parte de las Policías, así como los mecanismos de control y reclamo ante un ejercicio abusivo o discriminatorio del mismo",Boletín N°12506-25
31731,31731,2019-10-16 13:23:10,"
                                Fortalece el control de identidad por parte de las Policías, así como los mecanismos de control y reclamo ante un ejercicio abusivo o discriminatorio del mismo",Boletín N°12506-25
31732,31732,2019-10-16 13:23:56,"
                                Fortalece el control de identidad por parte de las Policías, así como los mecanismos de control y reclamo ante un ejercicio abusivo o discriminatorio del mismo",Boletín N°12506-25
31733,31733,2019-10-16 13:24:45,"
                                Fortalece el control de identidad por parte de las Policías, así como los mecanismos de control y reclamo ante un ejercicio abusivo o discriminatorio del mismo",Boletín N°12506-25
31736,31736,2019-10-16 17:11:33,"
                                Establece medidas para incentivar la protección de los derechos de los consumidores",Boletín N°12409-03
31737,31737,2019-10-16 17:12:17,"
                                Establece medidas para incentivar la protección de los derechos de los consumidores",Boletín N°12409-03
31738,31738,2019-10-16 17:13:25,"
                                Establece medidas para incentivar la protección de los derechos de los consumidores",Boletín N°12409-03
31739,31739,2019-10-16 17:14:45,"
                                Establece medidas para incentivar la protección de los derechos de los consumidores",Boletín N°12409-03
31749,31749,2019-10-17 13:22:05,"
                                Perfecciona los procedimientos penales en materia de extradición",Boletín N°12664-07
31750,31750,2019-10-17 13:22:40,"
                                Perfecciona los procedimientos penales en materia de extradición",Boletín N°12664-07
31751,31751,2019-10-17 13:23:33,"
                                Perfecciona los procedimientos penales en materia de extradición",Boletín N°12664-07
31758,31758,2019-10-20 20:13:38,"
                                Faculta al Presidente de la República para dejar sin efecto o limitar un alza de tarifas en el transporte público de pasajeros, en las condiciones que indica",Boletín N°13010-05
31791,31791,2019-10-28 19:09:48,"
                                Regula la portabilidad financiera",Boletín N°12909-03
31792,31792,2019-10-28 19:12:06,"
                                Regula la portabilidad financiera",Boletín N°12909-03
31793,31793,2019-10-28 19:14:02,"
                                Modifica la ley General de Servicios Eléctricos, con el objeto de proteger el derecho de propiedad de los usuarios de servicios eléctricos sobre los medidores y exigir a las concesionarias la adecuada gestión de residuos que se produzcan con motivo de su reemplazo",Boletín N°12448-08
31794,31794,2019-10-28 19:14:53,"
                                Modifica la ley General de Servicios Eléctricos, con el objeto de proteger el derecho de propiedad de los usuarios de servicios eléctricos sobre los medidores y exigir a las concesionarias la adecuada gestión de residuos que se produzcan con motivo de su reemplazo",Boletín N°12448-08
31797,31797,2019-10-29 13:33:48,"
                                Crea el Seguro de Salud Clase Media a través de una cobertura financiera especial en la modalidad de atención de libre elección de FONASA",Boletín N°12662-11
31798,31798,2019-10-29 13:35:18,"
                                Crea el Seguro de Salud Clase Media a través de una cobertura financiera especial en la modalidad de atención de libre elección de FONASA",Boletín N°12662-11
31799,31799,2019-10-29 13:36:13,"
                                Crea el Seguro de Salud Clase Media a través de una cobertura financiera especial en la modalidad de atención de libre elección de FONASA",Boletín N°12662-11
31800,31800,2019-10-29 13:36:57,"
                                Crea el Seguro de Salud Clase Media a través de una cobertura financiera especial en la modalidad de atención de libre elección de FONASA",Boletín N°12662-11
31801,31801,2019-10-29 13:37:45,"
                                Crea el Seguro de Salud Clase Media a través de una cobertura financiera especial en la modalidad de atención de libre elección de FONASA",Boletín N°12662-11
31802,31802,2019-10-29 13:38:27,"
                                Crea el Seguro de Salud Clase Media a través de una cobertura financiera especial en la modalidad de atención de libre elección de FONASA",Boletín N°12662-11
31814,31814,2019-11-05 13:42:11,"
                                Modifica el Párrafo 5° de las Disposiciones Transitorias de la ley N° 21.091, Sobre Educación Superior, y otras normas legales",Boletín N°12385-04
31815,31815,2019-11-05 13:43:10,"
                                Complementa normas para la segunda votación de gobernadores regionales",Boletín N°12991-06
31823,31823,2019-11-06 13:30:09,"
                                Modifica la ley N° 18.695, orgánica constitucional de Municipalidades, en materia de convocatoria a plebiscitos comunales, a requerimiento de la ciudadanía, y de su carácter vinculante",Boletín N°12136-06
31824,31824,2019-11-06 13:31:15,"
                                Modifica la ley N° 18.695, orgánica constitucional de Municipalidades, en materia de convocatoria a plebiscitos comunales, a requerimiento de la ciudadanía, y de su carácter vinculante",Boletín N°12136-06
31825,31825,2019-11-06 13:32:27,"
                                Modifica la ley N° 18.695, orgánica constitucional de Municipalidades, en materia de convocatoria a plebiscitos comunales, a requerimiento de la ciudadanía, y de su carácter vinculante",Boletín N°12136-06
31826,31826,2019-11-06 13:33:43,"
                                Modifica la ley N° 18.695, orgánica constitucional de Municipalidades, en materia de convocatoria a plebiscitos comunales, a requerimiento de la ciudadanía, y de su carácter vinculante",Boletín N°12136-06
31827,31827,2019-11-06 13:35:51,"
                                Modifica la ley N° 18.695, orgánica constitucional de Municipalidades, en materia de convocatoria a plebiscitos comunales, a requerimiento de la ciudadanía, y de su carácter vinculante",Boletín N°12136-06
31828,31828,2019-11-06 13:37:06,"
                                Modifica la ley N° 18.695, orgánica constitucional de Municipalidades, en materia de convocatoria a plebiscitos comunales, a requerimiento de la ciudadanía, y de su carácter vinculante",Boletín N°12136-06
31829,31829,2019-11-06 13:38:18,"
                                Modifica la ley N° 18.695, orgánica constitucional de Municipalidades, en materia de convocatoria a plebiscitos comunales, a requerimiento de la ciudadanía, y de su carácter vinculante",Boletín N°12136-06
31830,31830,2019-11-06 13:39:37,"
                                Modifica la ley N° 18.695, orgánica constitucional de Municipalidades, en materia de convocatoria a plebiscitos comunales, a requerimiento de la ciudadanía, y de su carácter vinculante",Boletín N°12136-06
31864,31864,2019-11-13 13:03:59,"
                                Modifica la ley N°20.422, para incorporar un marco regulatorio aplicable a quienes se dedican al cuidado de personas con discapacidad",Boletín N°12239-31
31880,31880,2019-11-14 13:42:15,"
                                Ley de Presupuestos del sector público correspondiente al año 2020",Boletín N°12953-05
31881,31881,2019-11-14 13:43:31,"
                                Ley de Presupuestos del sector público correspondiente al año 2020",Boletín N°12953-05
31890,31890,2019-11-15 09:40:23,"
                                Ley de Presupuestos del sector público correspondiente al año 2020",Boletín N°12953-05
31891,31891,2019-11-15 09:41:53,"
                                Ley de Presupuestos del sector público correspondiente al año 2020",Boletín N°12953-05
31892,31892,2019-11-15 09:42:52,"
                                Ley de Presupuestos del sector público correspondiente al año 2020",Boletín N°12953-05
31893,31893,2019-11-15 09:44:16,"
                                Ley de Presupuestos del sector público correspondiente al año 2020",Boletín N°12953-05
31894,31894,2019-11-15 09:46:36,"
                                Ley de Presupuestos del sector público correspondiente al año 2020",Boletín N°12953-05
31895,31895,2019-11-15 09:47:24,"
                                Ley de Presupuestos del sector público correspondiente al año 2020",Boletín N°12953-05
31900,31900,2019-11-15 10:02:35,"
                                Ley de Presupuestos del sector público correspondiente al año 2020",Boletín N°12953-05
31901,31901,2019-11-15 10:03:41,"
                                Ley de Presupuestos del sector público correspondiente al año 2020",Boletín N°12953-05
31902,31902,2019-11-15 10:04:37,"
                                Ley de Presupuestos del sector público correspondiente al año 2020",Boletín N°12953-05
31903,31903,2019-11-15 10:05:39,"
                                Ley de Presupuestos del sector público correspondiente al año 2020",Boletín N°12953-05
31905,31905,2019-11-15 11:43:03,"
                                Ley de Presupuestos del sector público correspondiente al año 2020",Boletín N°12953-05
31906,31906,2019-11-15 11:54:08,"
                                Ley de Presupuestos del sector público correspondiente al año 2020",Boletín N°12953-05
31907,31907,2019-11-15 11:59:31,"
                                Ley de Presupuestos del sector público correspondiente al año 2020",Boletín N°12953-05
31908,31908,2019-11-15 12:01:52,"
                                Ley de Presupuestos del sector público correspondiente al año 2020",Boletín N°12953-05
31909,31909,2019-11-15 12:08:31,"
                                Ley de Presupuestos del sector público correspondiente al año 2020",Boletín N°12953-05
31910,31910,2019-11-15 12:13:27,"
                                Ley de Presupuestos del sector público correspondiente al año 2020",Boletín N°12953-05
31911,31911,2019-11-15 12:14:42,"
                                Ley de Presupuestos del sector público correspondiente al año 2020",Boletín N°12953-05
31912,31912,2019-11-15 12:15:49,"
                                Ley de Presupuestos del sector público correspondiente al año 2020",Boletín N°12953-05
31923,31923,2019-11-15 14:21:57,"
                                Ley de Presupuestos del sector público correspondiente al año 2020",Boletín N°12953-05
31924,31924,2019-11-15 14:22:51,"
                                Ley de Presupuestos del sector público correspondiente al año 2020",Boletín N°12953-05
31925,31925,2019-11-15 14:27:01,"
                                Ley de Presupuestos del sector público correspondiente al año 2020",Boletín N°12953-05
31927,31927,2019-11-15 14:38:17,"
                                Ley de Presupuestos del sector público correspondiente al año 2020",Boletín N°12953-05
31928,31928,2019-11-15 14:41:28,"
                                Ley de Presupuestos del sector público correspondiente al año 2020",Boletín N°12953-05
31929,31929,2019-11-15 14:47:41,"
                                Ley de Presupuestos del sector público correspondiente al año 2020",Boletín N°12953-05
31930,31930,2019-11-15 14:56:15,"
                                Ley de Presupuestos del sector público correspondiente al año 2020",Boletín N°12953-05
31931,31931,2019-11-15 14:58:32,"
                                Ley de Presupuestos del sector público correspondiente al año 2020",Boletín N°12953-05
31932,31932,2019-11-15 15:01:37,"
                                Ley de Presupuestos del sector público correspondiente al año 2020",Boletín N°12953-05
31933,31933,2019-11-15 15:02:30,"
                                Ley de Presupuestos del sector público correspondiente al año 2020",Boletín N°12953-05
31934,31934,2019-11-15 15:07:08,"
                                Ley de Presupuestos del sector público correspondiente al año 2020",Boletín N°12953-05
31935,31935,2019-11-15 15:11:26,"
                                Ley de Presupuestos del sector público correspondiente al año 2020",Boletín N°12953-05
31936,31936,2019-11-15 15:12:10,"
                                Ley de Presupuestos del sector público correspondiente al año 2020",Boletín N°12953-05
31937,31937,2019-11-15 15:15:20,"
                                Ley de Presupuestos del sector público correspondiente al año 2020",Boletín N°12953-05
31938,31938,2019-11-15 15:19:15,"
                                Ley de Presupuestos del sector público correspondiente al año 2020",Boletín N°12953-05
31939,31939,2019-11-15 15:22:21,"
                                Ley de Presupuestos del sector público correspondiente al año 2020",Boletín N°12953-05
31940,31940,2019-11-15 15:23:29,"
                                Ley de Presupuestos del sector público correspondiente al año 2020",Boletín N°12953-05
31942,31942,2019-11-15 15:27:27,"
                                Ley de Presupuestos del sector público correspondiente al año 2020",Boletín N°12953-05
31943,31943,2019-11-15 15:31:33,"
                                Ley de Presupuestos del sector público correspondiente al año 2020",Boletín N°12953-05
31944,31944,2019-11-15 15:32:42,"
                                Ley de Presupuestos del sector público correspondiente al año 2020",Boletín N°12953-05
31945,31945,2019-11-15 15:33:24,"
                                Ley de Presupuestos del sector público correspondiente al año 2020",Boletín N°12953-05
31946,31946,2019-11-15 15:37:47,"
                                Ley de Presupuestos del sector público correspondiente al año 2020",Boletín N°12953-05
31947,31947,2019-11-15 15:41:36,"
                                Ley de Presupuestos del sector público correspondiente al año 2020",Boletín N°12953-05
31948,31948,2019-11-15 15:43:06,"
                                Ley de Presupuestos del sector público correspondiente al año 2020",Boletín N°12953-05
31949,31949,2019-11-15 15:44:05,"
                                Ley de Presupuestos del sector público correspondiente al año 2020",Boletín N°12953-05
31950,31950,2019-11-15 15:45:29,"
                                Autoriza una capitalización extraordinaria al Banco del Estado de Chile",Boletín N°13059-05
31951,31951,2019-11-15 17:43:50,"
                                Ley de Presupuestos del sector público correspondiente al año 2020",Boletín N°12953-05
31952,31952,2019-11-15 17:47:06,"
                                Ley de Presupuestos del sector público correspondiente al año 2020",Boletín N°12953-05
31953,31953,2019-11-15 17:49:09,"
                                Ley de Presupuestos del sector público correspondiente al año 2020",Boletín N°12953-05
31954,31954,2019-11-15 17:49:56,"
                                Ley de Presupuestos del sector público correspondiente al año 2020",Boletín N°12953-05
31955,31955,2019-11-15 17:51:09,"
                                Ley de Presupuestos del sector público correspondiente al año 2020",Boletín N°12953-05
31956,31956,2019-11-15 17:52:53,"
                                Ley de Presupuestos del sector público correspondiente al año 2020",Boletín N°12953-05
31957,31957,2019-11-15 17:54:56,"
                                Ley de Presupuestos del sector público correspondiente al año 2020",Boletín N°12953-05
31958,31958,2019-11-15 17:56:00,"
                                Ley de Presupuestos del sector público correspondiente al año 2020",Boletín N°12953-05
31959,31959,2019-11-15 17:57:04,"
                                Ley de Presupuestos del sector público correspondiente al año 2020",Boletín N°12953-05
31960,31960,2019-11-15 17:58:30,"
                                Ley de Presupuestos del sector público correspondiente al año 2020",Boletín N°12953-05
31961,31961,2019-11-15 17:59:39,"
                                Ley de Presupuestos del sector público correspondiente al año 2020",Boletín N°12953-05
31962,31962,2019-11-15 18:00:27,"
                                Ley de Presupuestos del sector público correspondiente al año 2020",Boletín N°12953-05
31963,31963,2019-11-15 19:36:55,"
                                Ley de Presupuestos del sector público correspondiente al año 2020",Boletín N°12953-05
31964,31964,2019-11-15 19:41:05,"
                                Ley de Presupuestos del sector público correspondiente al año 2020",Boletín N°12953-05
31965,31965,2019-11-15 19:41:52,"
                                Ley de Presupuestos del sector público correspondiente al año 2020",Boletín N°12953-05
31966,31966,2019-11-15 19:51:27,"
                                Ley de Presupuestos del sector público correspondiente al año 2020",Boletín N°12953-05
31967,31967,2019-11-15 19:52:05,"
                                Ley de Presupuestos del sector público correspondiente al año 2020",Boletín N°12953-05
31968,31968,2019-11-15 19:55:09,"
                                Ley de Presupuestos del sector público correspondiente al año 2020",Boletín N°12953-05
31969,31969,2019-11-15 19:55:49,"
                                Ley de Presupuestos del sector público correspondiente al año 2020",Boletín N°12953-05
31970,31970,2019-11-15 19:56:36,"
                                Ley de Presupuestos del sector público correspondiente al año 2020",Boletín N°12953-05
31971,31971,2019-11-15 21:14:24,"
                                Ley de Presupuestos del sector público correspondiente al año 2020",Boletín N°12953-05
31972,31972,2019-11-15 21:15:22,"
                                Ley de Presupuestos del sector público correspondiente al año 2020",Boletín N°12953-05
31973,31973,2019-11-15 21:16:31,"
                                Ley de Presupuestos del sector público correspondiente al año 2020",Boletín N°12953-05
31974,31974,2019-11-15 21:17:36,"
                                Ley de Presupuestos del sector público correspondiente al año 2020",Boletín N°12953-05
31975,31975,2019-11-15 21:18:47,"
                                Ley de Presupuestos del sector público correspondiente al año 2020",Boletín N°12953-05
31976,31976,2019-11-15 21:20:10,"
                                Ley de Presupuestos del sector público correspondiente al año 2020",Boletín N°12953-05
31977,31977,2019-11-15 21:21:16,"
                                Ley de Presupuestos del sector público correspondiente al año 2020",Boletín N°12953-05
31978,31978,2019-11-15 21:25:51,"
                                Ley de Presupuestos del sector público correspondiente al año 2020",Boletín N°12953-05
31979,31979,2019-11-15 21:28:01,"
                                Ley de Presupuestos del sector público correspondiente al año 2020",Boletín N°12953-05
31980,31980,2019-11-15 21:28:48,"
                                Ley de Presupuestos del sector público correspondiente al año 2020",Boletín N°12953-05
31981,31981,2019-11-15 22:59:18,"
                                Ley de Presupuestos del sector público correspondiente al año 2020",Boletín N°12953-05
31982,31982,2019-11-15 23:01:11,"
                                Ley de Presupuestos del sector público correspondiente al año 2020",Boletín N°12953-05
31983,31983,2019-11-15 23:06:19,"
                                Ley de Presupuestos del sector público correspondiente al año 2020",Boletín N°12953-05
31984,31984,2019-11-15 23:07:21,"
                                Ley de Presupuestos del sector público correspondiente al año 2020",Boletín N°12953-05
31985,31985,2019-11-15 23:08:19,"
                                Ley de Presupuestos del sector público correspondiente al año 2020",Boletín N°12953-05
31986,31986,2019-11-16 00:33:14,"
                                Ley de Presupuestos del sector público correspondiente al año 2020",Boletín N°12953-05
31987,31987,2019-11-16 00:38:36,"
                                Ley de Presupuestos del sector público correspondiente al año 2020",Boletín N°12953-05
31988,31988,2019-11-16 00:40:12,"
                                Ley de Presupuestos del sector público correspondiente al año 2020",Boletín N°12953-05
31989,31989,2019-11-16 00:41:20,"
                                Ley de Presupuestos del sector público correspondiente al año 2020",Boletín N°12953-05
31990,31990,2019-11-16 00:42:09,"
                                Ley de Presupuestos del sector público correspondiente al año 2020",Boletín N°12953-05
31991,31991,2019-11-16 00:42:47,"
                                Ley de Presupuestos del sector público correspondiente al año 2020",Boletín N°12953-05
31992,31992,2019-11-16 00:43:43,"
                                Ley de Presupuestos del sector público correspondiente al año 2020",Boletín N°12953-05
31993,31993,2019-11-16 00:44:15,"
                                Ley de Presupuestos del sector público correspondiente al año 2020",Boletín N°12953-05
31994,31994,2019-11-16 00:45:37,"
                                Ley de Presupuestos del sector público correspondiente al año 2020",Boletín N°12953-05
31995,31995,2019-11-16 00:48:24,"
                                Ley de Presupuestos del sector público correspondiente al año 2020",Boletín N°12953-05
31996,31996,2019-11-16 00:49:20,"
                                Ley de Presupuestos del sector público correspondiente al año 2020",Boletín N°12953-05
31997,31997,2019-11-16 00:50:09,"
                                Ley de Presupuestos del sector público correspondiente al año 2020",Boletín N°12953-05
31998,31998,2019-11-16 00:52:56,"
                                Ley de Presupuestos del sector público correspondiente al año 2020",Boletín N°12953-05
31999,31999,2019-11-16 00:53:41,"
                                Ley de Presupuestos del sector público correspondiente al año 2020",Boletín N°12953-05
32000,32000,2019-11-16 00:55:40,"
                                Ley de Presupuestos del sector público correspondiente al año 2020",Boletín N°12953-05
32001,32001,2019-11-16 00:57:21,"
                                Ley de Presupuestos del sector público correspondiente al año 2020",Boletín N°12953-05
32002,32002,2019-11-16 00:58:12,"
                                Ley de Presupuestos del sector público correspondiente al año 2020",Boletín N°12953-05
32003,32003,2019-11-16 00:59:12,"
                                Ley de Presupuestos del sector público correspondiente al año 2020",Boletín N°12953-05
32004,32004,2019-11-16 00:59:52,"
                                Ley de Presupuestos del sector público correspondiente al año 2020",Boletín N°12953-05
32005,32005,2019-11-16 01:01:54,"
                                Ley de Presupuestos del sector público correspondiente al año 2020",Boletín N°12953-05
32006,32006,2019-11-16 01:03:55,"
                                Ley de Presupuestos del sector público correspondiente al año 2020",Boletín N°12953-05
32007,32007,2019-11-16 01:05:15,"
                                Ley de Presupuestos del sector público correspondiente al año 2020",Boletín N°12953-05
32008,32008,2019-11-16 01:06:34,"
                                Ley de Presupuestos del sector público correspondiente al año 2020",Boletín N°12953-05
32009,32009,2019-11-16 01:07:31,"
                                Ley de Presupuestos del sector público correspondiente al año 2020",Boletín N°12953-05
32010,32010,2019-11-16 01:08:48,"
                                Ley de Presupuestos del sector público correspondiente al año 2020",Boletín N°12953-05
32011,32011,2019-11-16 01:09:24,"
                                Ley de Presupuestos del sector público correspondiente al año 2020",Boletín N°12953-05
32012,32012,2019-11-16 01:10:56,"
                                Ley de Presupuestos del sector público correspondiente al año 2020",Boletín N°12953-05
32013,32013,2019-11-16 01:14:06,"
                                Ley de Presupuestos del sector público correspondiente al año 2020",Boletín N°12953-05
32014,32014,2019-11-16 01:15:57,"
                                Ley de Presupuestos del sector público correspondiente al año 2020",Boletín N°12953-05
32015,32015,2019-11-16 01:19:39,"
                                Ley de Presupuestos del sector público correspondiente al año 2020",Boletín N°12953-05
32016,32016,2019-11-16 01:21:34,"
                                Ley de Presupuestos del sector público correspondiente al año 2020",Boletín N°12953-05
32017,32017,2019-11-16 01:22:09,"
                                Ley de Presupuestos del sector público correspondiente al año 2020",Boletín N°12953-05
32018,32018,2019-11-16 01:25:23,"
                                Ley de Presupuestos del sector público correspondiente al año 2020",Boletín N°12953-05
32019,32019,2019-11-16 01:28:44,"
                                Ley de Presupuestos del sector público correspondiente al año 2020",Boletín N°12953-05
32020,32020,2019-11-16 01:29:24,"
                                Ley de Presupuestos del sector público correspondiente al año 2020",Boletín N°12953-05
32021,32021,2019-11-16 01:32:08,"
                                Ley de Presupuestos del sector público correspondiente al año 2020",Boletín N°12953-05
32022,32022,2019-11-16 01:33:01,"
                                Ley de Presupuestos del sector público correspondiente al año 2020",Boletín N°12953-05
32023,32023,2019-11-16 01:35:38,"
                                Ley de Presupuestos del sector público correspondiente al año 2020",Boletín N°12953-05
32034,32034,2019-11-19 13:33:09,"
                                Modifica el Código Penal para establecer un tipo especial de lesiones contra profesionales que presten servicios en establecimientos educacionales y funcionarios de servicios de salud",Boletín N°12064-07
32043,32043,2019-11-20 13:38:18,"
                                Modifica la ley N° 21.131 que establece pago a treinta días",Boletín N°13045-03
32044,32044,2019-11-20 13:39:27,"
                                Autoriza la intermediación de medicamentos por parte de Cenabast a almacenes farmacéuticos y farmacias privadas",Boletín N°13027-11
32045,32045,2019-11-20 13:40:58,"
                                Autoriza la intermediación de medicamentos por parte de Cenabast a almacenes farmacéuticos y farmacias privadas",Boletín N°13027-11
32046,32046,2019-11-20 13:41:46,"
                                Autoriza la intermediación de medicamentos por parte de Cenabast a almacenes farmacéuticos y farmacias privadas",Boletín N°13027-11
32068,32068,2019-11-25 19:32:32,"
                                Ley de Presupuestos del sector público correspondiente al año 2020",Boletín N°12953-05
32069,32069,2019-11-25 19:34:01,"
                                Ley de Presupuestos del sector público correspondiente al año 2020",Boletín N°12953-05
32070,32070,2019-11-25 19:35:06,"
                                Ley de Presupuestos del sector público correspondiente al año 2020",Boletín N°12953-05
32071,32071,2019-11-25 19:35:57,"
                                Ley de Presupuestos del sector público correspondiente al año 2020",Boletín N°12953-05
32072,32072,2019-11-25 19:36:57,"
                                Ley de Presupuestos del sector público correspondiente al año 2020",Boletín N°12953-05
32073,32073,2019-11-25 19:37:49,"
                                Ley de Presupuestos del sector público correspondiente al año 2020",Boletín N°12953-05
32074,32074,2019-11-25 19:40:00,"
                                Ley de Presupuestos del sector público correspondiente al año 2020",Boletín N°12953-05
32075,32075,2019-11-25 19:41:45,"
                                Ley de Presupuestos del sector público correspondiente al año 2020",Boletín N°12953-05
32076,32076,2019-11-25 19:42:46,"
                                Ley de Presupuestos del sector público correspondiente al año 2020",Boletín N°12953-05
32077,32077,2019-11-25 19:43:45,"
                                Ley de Presupuestos del sector público correspondiente al año 2020",Boletín N°12953-05
32078,32078,2019-11-25 19:44:31,"
                                Ley de Presupuestos del sector público correspondiente al año 2020",Boletín N°12953-05
32079,32079,2019-11-25 19:45:40,"
                                Ley de Presupuestos del sector público correspondiente al año 2020",Boletín N°12953-05
32080,32080,2019-11-25 19:46:36,"
                                Ley de Presupuestos del sector público correspondiente al año 2020",Boletín N°12953-05
32081,32081,2019-11-25 19:47:44,"
                                Ley de Presupuestos del sector público correspondiente al año 2020",Boletín N°12953-05
32082,32082,2019-11-25 19:48:51,"
                                Ley de Presupuestos del sector público correspondiente al año 2020",Boletín N°12953-05
32083,32083,2019-11-25 19:49:46,"
                                Ley de Presupuestos del sector público correspondiente al año 2020",Boletín N°12953-05
32084,32084,2019-11-25 19:50:54,"
                                Ley de Presupuestos del sector público correspondiente al año 2020",Boletín N°12953-05
32085,32085,2019-11-25 19:51:50,"
                                Ley de Presupuestos del sector público correspondiente al año 2020",Boletín N°12953-05
32086,32086,2019-11-25 19:52:49,"
                                Ley de Presupuestos del sector público correspondiente al año 2020",Boletín N°12953-05
32087,32087,2019-11-25 19:53:48,"
                                Ley de Presupuestos del sector público correspondiente al año 2020",Boletín N°12953-05
32088,32088,2019-11-25 19:54:57,"
                                Ley de Presupuestos del sector público correspondiente al año 2020",Boletín N°12953-05
32089,32089,2019-11-25 19:56:09,"
                                Ley de Presupuestos del sector público correspondiente al año 2020",Boletín N°12953-05
32090,32090,2019-11-25 19:57:24,"
                                Ley de Presupuestos del sector público correspondiente al año 2020",Boletín N°12953-05
32091,32091,2019-11-25 19:58:02,"
                                Ley de Presupuestos del sector público correspondiente al año 2020",Boletín N°12953-05
32092,32092,2019-11-25 19:59:00,"
                                Ley de Presupuestos del sector público correspondiente al año 2020",Boletín N°12953-05
32093,32093,2019-11-25 19:59:53,"
                                Ley de Presupuestos del sector público correspondiente al año 2020",Boletín N°12953-05
32094,32094,2019-11-25 20:00:40,"
                                Ley de Presupuestos del sector público correspondiente al año 2020",Boletín N°12953-05
32095,32095,2019-11-25 20:01:39,"
                                Ley de Presupuestos del sector público correspondiente al año 2020",Boletín N°12953-05
32096,32096,2019-11-25 20:03:01,"
                                Ley de Presupuestos del sector público correspondiente al año 2020",Boletín N°12953-05
32097,32097,2019-11-25 20:04:00,"
                                Ley de Presupuestos del sector público correspondiente al año 2020",Boletín N°12953-05
32098,32098,2019-11-25 20:04:54,"
                                Ley de Presupuestos del sector público correspondiente al año 2020",Boletín N°12953-05
32099,32099,2019-11-25 20:05:57,"
                                Ley de Presupuestos del sector público correspondiente al año 2020",Boletín N°12953-05
32100,32100,2019-11-25 20:07:06,"
                                Ley de Presupuestos del sector público correspondiente al año 2020",Boletín N°12953-05
32101,32101,2019-11-25 20:07:55,"
                                Ley de Presupuestos del sector público correspondiente al año 2020",Boletín N°12953-05
32114,32114,2019-11-26 13:51:48,"
                                Modifica la ley N°18.290, de Tránsito, para delimitar la infracción que consiste en circular un vehículo sin dispositivo electrónico de pago de peajes o tarifas",Boletín N°12942-15
32115,32115,2019-11-26 13:55:04,"
                                Modifica la ley N°18.290, de Tránsito, para delimitar la infracción que consiste en circular un vehículo sin dispositivo electrónico de pago de peajes o tarifas",Boletín N°12942-15
32116,32116,2019-11-26 13:56:29,"
                                Modifica la ley N°18.290, de Tránsito, para delimitar la infracción que consiste en circular un vehículo sin dispositivo electrónico de pago de peajes o tarifas",Boletín N°12942-15
32121,32121,2019-11-26 20:13:17,"
                                Ley de Presupuestos del sector público correspondiente al año 2020",Boletín N°12953-05
32184,32184,2019-12-03 13:30:20,"
                                Mejora y establece nuevos beneficios en el sistema de pensiones solidarias",Boletín N°13091-13
32188,32188,2019-12-03 18:45:15,"
                                Mejora y establece nuevos beneficios en el sistema de pensiones solidarias",Boletín N°13091-13
32189,32189,2019-12-03 18:46:39,"
                                Mejora y establece nuevos beneficios en el sistema de pensiones solidarias",Boletín N°13091-13
32190,32190,2019-12-03 18:48:12,"
                                Mejora y establece nuevos beneficios en el sistema de pensiones solidarias",Boletín N°13091-13
32191,32191,2019-12-03 18:53:41,"
                                Mejora y establece nuevos beneficios en el sistema de pensiones solidarias",Boletín N°13091-13
32192,32192,2019-12-03 18:54:54,"
                                Mejora y establece nuevos beneficios en el sistema de pensiones solidarias",Boletín N°13091-13
32195,32195,2019-12-04 13:23:33,"
                                Modifica el Código Penal para tipificar como delito la alteración de la paz pública mediante la ejecución de actos de violencia, y agrava las penas aplicables, en las circunstancias que indica",Boletín N°13090-25
32196,32196,2019-12-04 13:24:27,"
                                Modifica el Código Penal para tipificar como delito la alteración de la paz pública mediante la ejecución de actos de violencia, y agrava las penas aplicables, en las circunstancias que indica",Boletín N°13090-25
32197,32197,2019-12-04 13:25:20,"
                                Modifica el Código Penal para tipificar como delito la alteración de la paz pública mediante la ejecución de actos de violencia, y agrava las penas aplicables, en las circunstancias que indica",Boletín N°13090-25
32198,32198,2019-12-04 13:26:19,"
                                Modifica el Código Penal para tipificar como delito la alteración de la paz pública mediante la ejecución de actos de violencia, y agrava las penas aplicables, en las circunstancias que indica",Boletín N°13090-25
32199,32199,2019-12-04 13:27:12,"
                                Modifica el Código Penal para tipificar como delito la alteración de la paz pública mediante la ejecución de actos de violencia, y agrava las penas aplicables, en las circunstancias que indica",Boletín N°13090-25
32200,32200,2019-12-04 13:27:59,"
                                Modifica el Código Penal para tipificar como delito la alteración de la paz pública mediante la ejecución de actos de violencia, y agrava las penas aplicables, en las circunstancias que indica",Boletín N°13090-25
32201,32201,2019-12-04 13:28:44,"
                                Modifica el Código Penal para tipificar como delito la alteración de la paz pública mediante la ejecución de actos de violencia, y agrava las penas aplicables, en las circunstancias que indica",Boletín N°13090-25
32202,32202,2019-12-04 13:29:47,"
                                Modifica el Código Penal para tipificar como delito la alteración de la paz pública mediante la ejecución de actos de violencia, y agrava las penas aplicables, en las circunstancias que indica",Boletín N°13090-25
32203,32203,2019-12-04 13:30:49,"
                                Modifica el Código Penal para tipificar como delito la alteración de la paz pública mediante la ejecución de actos de violencia, y agrava las penas aplicables, en las circunstancias que indica",Boletín N°13090-25
32204,32204,2019-12-04 13:31:54,"
                                Modifica el Código Penal para tipificar como delito la alteración de la paz pública mediante la ejecución de actos de violencia, y agrava las penas aplicables, en las circunstancias que indica",Boletín N°13090-25
32205,32205,2019-12-04 13:32:44,"
                                Modifica el Código Penal para tipificar como delito la alteración de la paz pública mediante la ejecución de actos de violencia, y agrava las penas aplicables, en las circunstancias que indica",Boletín N°13090-25
32206,32206,2019-12-04 13:33:27,"
                                Modifica el Código Penal para tipificar como delito la alteración de la paz pública mediante la ejecución de actos de violencia, y agrava las penas aplicables, en las circunstancias que indica",Boletín N°13090-25
32207,32207,2019-12-04 13:34:14,"
                                Modifica el Código Penal para tipificar como delito la alteración de la paz pública mediante la ejecución de actos de violencia, y agrava las penas aplicables, en las circunstancias que indica",Boletín N°13090-25
32218,32218,2019-12-09 18:31:31,"
                                Modifica la ley General de Servicios Eléctricos, en materia de cálculo del valor agregado por concepto de costos de distribución de la energía",Boletín N°12471-08
32225,32225,2019-12-10 13:48:39,"
                                Crea un subsidio para alcanzar un ingreso mínimo garantizado",Boletín N°13041-13
32226,32226,2019-12-10 13:49:29,"
                                Crea un subsidio para alcanzar un ingreso mínimo garantizado",Boletín N°13041-13
32227,32227,2019-12-10 13:50:24,"
                                Crea un subsidio para alcanzar un ingreso mínimo garantizado",Boletín N°13041-13
32228,32228,2019-12-10 13:52:26,"
                                Crea un subsidio para alcanzar un ingreso mínimo garantizado",Boletín N°13041-13
32229,32229,2019-12-10 13:58:32,"
                                Crea un subsidio para alcanzar un ingreso mínimo garantizado",Boletín N°13041-13
32230,32230,2019-12-10 13:59:36,"
                                Crea un subsidio para alcanzar un ingreso mínimo garantizado",Boletín N°13041-13
32231,32231,2019-12-10 14:02:26,"
                                Crea un subsidio para alcanzar un ingreso mínimo garantizado",Boletín N°13041-13
32232,32232,2019-12-10 14:10:23,"
                                Crea un subsidio para alcanzar un ingreso mínimo garantizado",Boletín N°13041-13
32233,32233,2019-12-10 14:11:25,"
                                Crea un subsidio para alcanzar un ingreso mínimo garantizado",Boletín N°13041-13
32234,32234,2019-12-10 14:17:25,"
                                Crea un subsidio para alcanzar un ingreso mínimo garantizado",Boletín N°13041-13
32235,32235,2019-12-10 14:18:39,"
                                Crea un subsidio para alcanzar un ingreso mínimo garantizado",Boletín N°13041-13
32236,32236,2019-12-10 14:19:57,"
                                Crea un subsidio para alcanzar un ingreso mínimo garantizado",Boletín N°13041-13
32237,32237,2019-12-10 14:20:53,"
                                Crea un subsidio para alcanzar un ingreso mínimo garantizado",Boletín N°13041-13
32238,32238,2019-12-10 14:21:41,"
                                Crea un subsidio para alcanzar un ingreso mínimo garantizado",Boletín N°13041-13
32239,32239,2019-12-10 14:22:36,"
                                Crea un subsidio para alcanzar un ingreso mínimo garantizado",Boletín N°13041-13
32249,32249,2019-12-11 13:37:40,"
                                Entrega un bono extraordinario de apoyo familiar",Boletín N°13102-05
32250,32250,2019-12-11 13:39:02,"
                                Entrega un bono extraordinario de apoyo familiar",Boletín N°13102-05
32256,32256,2019-12-11 21:20:21,"
                                Otorga reajuste de remuneraciones a los trabajadores del Sector Público, concede aguinaldos que señala, concede otros beneficios que indica, y modifica diversos cuerpos legales",Boletín N°13114-05
32270,32270,2019-12-17 13:07:42,"
                                Contempla diversas medidas tributarias y financieras destinadas a apoyar a las micro, pequeñas y medianas empresas",Boletín N°13116-03
32271,32271,2019-12-17 13:08:28,"
                                Contempla diversas medidas tributarias y financieras destinadas a apoyar a las micro, pequeñas y medianas empresas",Boletín N°13116-03
32272,32272,2019-12-17 13:09:11,"
                                Contempla diversas medidas tributarias y financieras destinadas a apoyar a las micro, pequeñas y medianas empresas",Boletín N°13116-03
32273,32273,2019-12-17 13:10:08,"
                                Contempla diversas medidas tributarias y financieras destinadas a apoyar a las micro, pequeñas y medianas empresas",Boletín N°13116-03
32274,32274,2019-12-17 13:10:53,"
                                Contempla diversas medidas tributarias y financieras destinadas a apoyar a las micro, pequeñas y medianas empresas",Boletín N°13116-03
32275,32275,2019-12-17 13:11:56,"
                                Contempla diversas medidas tributarias y financieras destinadas a apoyar a las micro, pequeñas y medianas empresas",Boletín N°13116-03
32276,32276,2019-12-17 13:13:16,"
                                Contempla diversas medidas tributarias y financieras destinadas a apoyar a las micro, pequeñas y medianas empresas",Boletín N°13116-03
32277,32277,2019-12-17 13:14:57,"
                                Contempla diversas medidas tributarias y financieras destinadas a apoyar a las micro, pequeñas y medianas empresas",Boletín N°13116-03
32278,32278,2019-12-17 13:15:54,"
                                Contempla diversas medidas tributarias y financieras destinadas a apoyar a las micro, pequeñas y medianas empresas",Boletín N°13116-03
32279,32279,2019-12-17 13:16:46,"
                                Contempla diversas medidas tributarias y financieras destinadas a apoyar a las micro, pequeñas y medianas empresas",Boletín N°13116-03
32280,32280,2019-12-17 13:17:32,"
                                Contempla diversas medidas tributarias y financieras destinadas a apoyar a las micro, pequeñas y medianas empresas",Boletín N°13116-03
32281,32281,2019-12-17 13:18:23,"
                                Contempla diversas medidas tributarias y financieras destinadas a apoyar a las micro, pequeñas y medianas empresas",Boletín N°13116-03
32282,32282,2019-12-17 13:19:15,"
                                Contempla diversas medidas tributarias y financieras destinadas a apoyar a las micro, pequeñas y medianas empresas",Boletín N°13116-03
32283,32283,2019-12-17 13:20:49,"
                                Contempla diversas medidas tributarias y financieras destinadas a apoyar a las micro, pequeñas y medianas empresas",Boletín N°13116-03
32284,32284,2019-12-17 13:21:38,"
                                Contempla diversas medidas tributarias y financieras destinadas a apoyar a las micro, pequeñas y medianas empresas",Boletín N°13116-03
32285,32285,2019-12-17 13:23:02,"
                                Contempla diversas medidas tributarias y financieras destinadas a apoyar a las micro, pequeñas y medianas empresas",Boletín N°13116-03
32286,32286,2019-12-17 13:23:50,"
                                Contempla diversas medidas tributarias y financieras destinadas a apoyar a las micro, pequeñas y medianas empresas",Boletín N°13116-03
32287,32287,2019-12-17 13:24:48,"
                                Contempla diversas medidas tributarias y financieras destinadas a apoyar a las micro, pequeñas y medianas empresas",Boletín N°13116-03
32288,32288,2019-12-17 13:25:34,"
                                Contempla diversas medidas tributarias y financieras destinadas a apoyar a las micro, pequeñas y medianas empresas",Boletín N°13116-03
32289,32289,2019-12-17 13:26:18,"
                                Contempla diversas medidas tributarias y financieras destinadas a apoyar a las micro, pequeñas y medianas empresas",Boletín N°13116-03
32290,32290,2019-12-17 13:27:08,"
                                Contempla diversas medidas tributarias y financieras destinadas a apoyar a las micro, pequeñas y medianas empresas",Boletín N°13116-03
32291,32291,2019-12-17 13:27:47,"
                                Contempla diversas medidas tributarias y financieras destinadas a apoyar a las micro, pequeñas y medianas empresas",Boletín N°13116-03
32292,32292,2019-12-17 13:28:41,"
                                Contempla diversas medidas tributarias y financieras destinadas a apoyar a las micro, pequeñas y medianas empresas",Boletín N°13116-03
32293,32293,2019-12-17 13:31:04,"
                                Modifica la ley N°18.892, General de Pesca y Acuicultura, con el objeto de exigir la remoción de sedimentos a los titulares de concesiones de acuicultura para el cultivo de especies exóticas",Boletín N°12050-21
32294,32294,2019-12-17 13:31:50,"
                                Modifica la ley N°18.892, General de Pesca y Acuicultura, con el objeto de exigir la remoción de sedimentos a los titulares de concesiones de acuicultura para el cultivo de especies exóticas",Boletín N°12050-21
32295,32295,2019-12-17 13:32:55,"
                                Modifica la ley N°18.892, General de Pesca y Acuicultura, con el objeto de exigir la remoción de sedimentos a los titulares de concesiones de acuicultura para el cultivo de especies exóticas",Boletín N°12050-21
32296,32296,2019-12-17 13:33:46,"
                                Modifica la ley N°18.892, General de Pesca y Acuicultura, con el objeto de exigir la remoción de sedimentos a los titulares de concesiones de acuicultura para el cultivo de especies exóticas",Boletín N°12050-21
32297,32297,2019-12-17 13:34:38,"
                                Modifica la ley N°18.892, General de Pesca y Acuicultura, con el objeto de exigir la remoción de sedimentos a los titulares de concesiones de acuicultura para el cultivo de especies exóticas",Boletín N°12050-21
32298,32298,2019-12-17 13:35:47,"
                                Modifica la ley N°18.892, General de Pesca y Acuicultura, con el objeto de exigir la remoción de sedimentos a los titulares de concesiones de acuicultura para el cultivo de especies exóticas",Boletín N°12050-21
32299,32299,2019-12-17 13:36:35,"
                                Modifica la ley N°18.892, General de Pesca y Acuicultura, con el objeto de exigir la remoción de sedimentos a los titulares de concesiones de acuicultura para el cultivo de especies exóticas",Boletín N°12050-21
32300,32300,2019-12-17 13:37:34,"
                                Modifica la ley N°18.892, General de Pesca y Acuicultura, con el objeto de exigir la remoción de sedimentos a los titulares de concesiones de acuicultura para el cultivo de especies exóticas",Boletín N°12050-21
32301,32301,2019-12-17 13:38:15,"
                                Modifica la ley N°18.892, General de Pesca y Acuicultura, con el objeto de exigir la remoción de sedimentos a los titulares de concesiones de acuicultura para el cultivo de especies exóticas",Boletín N°12050-21
32302,32302,2019-12-17 13:39:08,"
                                Modifica la ley N°18.892, General de Pesca y Acuicultura, con el objeto de exigir la remoción de sedimentos a los titulares de concesiones de acuicultura para el cultivo de especies exóticas",Boletín N°12050-21
32306,32306,2019-12-17 15:19:18,"
                                Otorga reajuste de remuneraciones a los trabajadores del Sector Público, concede aguinaldos que señala, concede otros beneficios que indica, y modifica diversos cuerpos legales",Boletín N°13114-05
32307,32307,2019-12-17 19:40:58,"
                                Otorga reajuste de remuneraciones a los trabajadores del Sector Público, concede aguinaldos que señala, concede otros beneficios que indica, y modifica diversos cuerpos legales",Boletín N°13114-05
32308,32308,2019-12-17 19:41:45,"
                                Otorga reajuste de remuneraciones a los trabajadores del Sector Público, concede aguinaldos que señala, concede otros beneficios que indica, y modifica diversos cuerpos legales",Boletín N°13114-05
32309,32309,2019-12-17 19:42:36,"
                                Otorga reajuste de remuneraciones a los trabajadores del Sector Público, concede aguinaldos que señala, concede otros beneficios que indica, y modifica diversos cuerpos legales",Boletín N°13114-05
32310,32310,2019-12-17 19:43:34,"
                                Otorga reajuste de remuneraciones a los trabajadores del Sector Público, concede aguinaldos que señala, concede otros beneficios que indica, y modifica diversos cuerpos legales",Boletín N°13114-05
32317,32317,2019-12-18 12:03:30,"
                                Otorga reajuste de remuneraciones a los trabajadores del Sector Público, concede aguinaldos que señala, concede otros beneficios que indica, y modifica diversos cuerpos legales",Boletín N°13114-05
32339,32339,2019-12-18 20:02:37,"
                                Modifica la Carta Fundamental para restablecer el voto obligatorio en elecciones populares, con la excepción que indica",Boletín N°13028-06
32347,32347,2019-12-19 13:21:33,"
                                Autoriza la intermediación de medicamentos por parte de Cenabast a almacenes farmacéuticos y farmacias privadas",Boletín N°13027-11
32348,32348,2019-12-19 13:22:26,"
                                Moderniza la carrera funcionaria en Gendarmería de Chile",Boletín N°12431-07
32370,32370,2019-12-19 20:02:04,"
                                Modifica la Carta Fundamental, para permitir la conformación de pactos electorales de independientes y garantizar la paridad de género en las candidaturas para la integración del órgano constituyente que se conforme para la creación de una nueva Constitución Política de la República",Boletín N°13130-07
32371,32371,2019-12-19 20:04:41,"
                                Modifica la Carta Fundamental, para permitir la conformación de pactos electorales de independientes y garantizar la paridad de género en las candidaturas para la integración del órgano constituyente que se conforme para la creación de una nueva Constitución Política de la República",Boletín N°13130-07
32372,32372,2019-12-19 20:06:37,"
                                Modifica la Carta Fundamental, para permitir la conformación de pactos electorales de independientes y garantizar la paridad de género en las candidaturas para la integración del órgano constituyente que se conforme para la creación de una nueva Constitución Política de la República",Boletín N°13130-07
32373,32373,2019-12-19 20:07:48,"
                                Modifica la Carta Fundamental, para permitir la conformación de pactos electorales de independientes y garantizar la paridad de género en las candidaturas para la integración del órgano constituyente que se conforme para la creación de una nueva Constitución Política de la República",Boletín N°13130-07
32374,32374,2019-12-19 20:10:49,"
                                Modifica la Carta Fundamental, para permitir la conformación de pactos electorales de independientes y garantizar la paridad de género en las candidaturas para la integración del órgano constituyente que se conforme para la creación de una nueva Constitución Política de la República",Boletín N°13130-07
32375,32375,2019-12-19 20:21:36,"
                                Modifica la Carta Fundamental, para reservar escaños a representantes de los pueblos originarios en la integración del órgano constituyente que se conforme para la creación de una nueva Constitución Política de la República",Boletín N°13129-07
32376,32376,2019-12-19 20:22:51,"
                                Modifica la Carta Fundamental, para reservar escaños a representantes de los pueblos originarios en la integración del órgano constituyente que se conforme para la creación de una nueva Constitución Política de la República",Boletín N°13129-07
32377,32377,2019-12-19 20:23:45,"
                                Modifica la Carta Fundamental, para reservar escaños a representantes de los pueblos originarios en la integración del órgano constituyente que se conforme para la creación de una nueva Constitución Política de la República",Boletín N°13129-07
32378,32378,2019-12-19 20:24:32,"
                                Modifica la Carta Fundamental, para reservar escaños a representantes de los pueblos originarios en la integración del órgano constituyente que se conforme para la creación de una nueva Constitución Política de la República",Boletín N°13129-07
32379,32379,2019-12-19 20:25:21,"
                                Modifica la Carta Fundamental, para reservar escaños a representantes de los pueblos originarios en la integración del órgano constituyente que se conforme para la creación de una nueva Constitución Política de la República",Boletín N°13129-07
32380,32380,2019-12-19 20:27:01,"
                                Modifica la Carta Fundamental, para reservar escaños a representantes de los pueblos originarios en la integración del órgano constituyente que se conforme para la creación de una nueva Constitución Política de la República",Boletín N°13129-07
32381,32381,2019-12-19 20:28:24,"
                                Modifica la Carta Fundamental, para reservar escaños a representantes de los pueblos originarios en la integración del órgano constituyente que se conforme para la creación de una nueva Constitución Política de la República",Boletín N°13129-07
32382,32382,2019-12-19 20:30:52,"
                                Modifica la Carta Fundamental, para reservar escaños a representantes de los pueblos originarios en la integración del órgano constituyente que se conforme para la creación de una nueva Constitución Política de la República",Boletín N°13129-07
32383,32383,2019-12-19 20:32:10,"
                                Modifica la Carta Fundamental, para reservar escaños a representantes de los pueblos originarios en la integración del órgano constituyente que se conforme para la creación de una nueva Constitución Política de la República",Boletín N°13129-07
32395,32395,2019-12-30 17:28:52,"
                                Sobre información y rendición de cuentas de gastos reservados",Boletín N°12332-05
32396,32396,2019-12-30 17:29:37,"
                                Sobre información y rendición de cuentas de gastos reservados",Boletín N°12332-05
32397,32397,2019-12-30 17:30:19,"
                                Sobre información y rendición de cuentas de gastos reservados",Boletín N°12332-05
32399,32399,2019-12-30 17:33:01,"
                                Modifica la ley N°19.712, Ley del Deporte, y la ley N°20.019, que Regula las Sociedades Anónimas Deportivas Profesionales, para establecer el deber de contar con un protocolo contra acoso sexual en la actividad deportiva nacional",Boletín N°11926-29
